{"concurrent_users":1,
"total_queries(sum_for_all_users)":10,
"Q(300000,1)":{
"total_avg_elapsed(sec)":0.004469541111111111,
"total_avg_execution(sec)":0.003335809333333333,
"total_avg_client_response_time(sec)":0.373,
"throughput(elapsed_time)(query/sec)":2237.366152677369,
"throughput(execution_time)(query/sec)":2997.773254026909,
"throughput(client_time)(query/sec)":26.80965147453083
}

,"total_avg_elapsed(sec)":4.4695411111111115E-4,
"total_avg_execution(sec)":3.335809333333333E-4,
"total_avg_client_response_time(sec)":0.0373,
"throughput(elapsed_time)(query/sec)":2237.366152677369,
"throughput(execution_time)(query/sec)":2997.773254026909,
"throughput(client_time)(query/sec)":26.80965147453083
}
